id,hs,top_cm,bot_cm,smp_id,scope_id,sram_id,present [0/1],top_depth_mm,bot_depth_mm
DHMet_DHSMET_20250228,132,128.5,127,,Profile141_SN00308.csv,,1,64,75
DHMet_DHSMET_20250228,132,128.5,127,,Profile142_SN00308.csv,,1,63,70
DHMet_DHSMET_20250228,132,128.5,127,,Profile143_SN00308.csv,,1,75,82
DHMet_DHSMET_20250228,132,128.5,127,,Profile144_SN00308.csv,,0,,
DHMet_DHSMET_20250228,132,128.5,127,,Profile145_SN00308.csv,,0,,
AM_20250409,146,146,143,,Profile282_SN00308.csv,,1,1,37
AM_20250409,146,146,143,,Profile283_SN00308.csv,,0,,
AM_20250409,146,146,143,,Profile284_SN00308.csv,,0,,
AM_20250409,146,146,143,,Profile285_SN00308.csv,,1,1,39
AM_20250409,146,146,143,,Profile286_SN00308.csv,,1,1,32
AM_20250409,146,125,122.5,,Profile282_SN00308.csv,,1,1,65
AM_20250409,146,125,122.5,,Profile283_SN00308.csv,,1,111,201
AM_20250409,146,125,122.5,,Profile284_SN00308.csv,,1,91,180
AM_20250409,146,125,122.5,,Profile285_SN00308.csv,,1,113,158
AM_20250409,146,125,122.5,,Profile286_SN00308.csv,,1,110,169
AM_20250409,146,120,118,,Profile282_SN00308.csv,,1,263,290
AM_20250409,146,120,118,,Profile283_SN00308.csv,,1,250,314
AM_20250409,146,120,118,,Profile284_SN00308.csv,,1,260,292
AM_20250409,146,120,118,,Profile285_SN00308.csv,,1,262,217
AM_20250409,146,120,118,,Profile286_SN00308.csv,,1,260,278
JPLMet_20250226,94.5,94,92,,Profile1355_SN00234.csv,,1,13,17
JPLMet_20250226,94.5,94,92,,Profile1357_SN00234.csv,,0,,
JPLMet_20250226,94.5,94,92,,Profile1358_SN00234.csv,,1,63,47
JPLMet_20250226,94.5,94,92,,Profile1360_SN00234.csv,,1,1,10
JPLMet_20250226,94.5,94,92,,Profile1361_SN00234.csv,,1,1,28
JPLMet_20250226,94.5,60,57,,Profile1355_SN00234.csv,,1,304,342
JPLMet_20250226,94.5,60,57,,Profile1357_SN00234.csv,,1,345,362
JPLMet_20250226,94.5,60,57,,Profile1358_SN00234.csv,,1,339,364
JPLMet_20250226,94.5,60,57,,Profile1360_SN00234.csv,,1,336,361
JPLMet_20250226,94.5,60,57,,Profile1361_SN00234.csv,,1,359,390
BOG_20250326,209,172,170.5,,Profile199_SN00377.csv,,1,360,370
BOG_20250326,209,172,170.5,,Profile200_SN00377.csv,,1,345,347
BOG_20250326,209,172,170.5,,Profile201_SN00377.csv,,1,368,386
BOG_20250326,209,172,170.5,,Profile203_SN00377.csv,,1,360,372
BOG_20250326,209,172,170.5,,Profile204_SN00377.csv,,1,413,426
BOG_20250326,209,167,166,,Profile199_SN00377.csv,,1,428,444
BOG_20250326,209,167,166,,Profile200_SN00377.csv,,1,435,450
BOG_20250326,209,167,166,,Profile201_SN00377.csv,,1,404,421
BOG_20250326,209,167,166,,Profile203_SN00377.csv,,1,391,402
BOG_20250326,209,167,166,,Profile204_SN00377.csv,,1,687,693
BOG_20250326,209,140.5,140,,Profile199_SN00377.csv,,0,,
BOG_20250326,209,140.5,140,,Profile200_SN00377.csv,,1,657,684
BOG_20250326,209,140.5,140,,Profile201_SN00377.csv,,1,619,637
BOG_20250326,209,140.5,140,,Profile203_SN00377.csv,,0,,
BOG_20250326,209,140.5,140,,Profile204_SN00377.csv,,1,696,718
BOG_20250326,209,130.5,130,,Profile199_SN00377.csv,,1,789,797
BOG_20250326,209,130.5,130,,Profile200_SN00377.csv,,0,,
BOG_20250326,209,130.5,130,,Profile201_SN00377.csv,,1,808,817
BOG_20250326,209,130.5,130,,Profile203_SN00377.csv,,1,728,778
BOG_20250326,209,130.5,130,,Profile204_SN00377.csv,,0,,
BOG_20250326,209,108,107.5,,Profile199_SN00377.csv,,1,1034,1091
BOG_20250326,209,108,107.5,,Profile200_SN00377.csv,,1,935,1016
BOG_20250326,209,108,107.5,,Profile201_SN00377.csv,,1,1019,1039
BOG_20250326,209,108,107.5,,Profile203_SN00377.csv,,0,,
BOG_20250326,209,108,107.5,,Profile204_SN00377.csv,,1,1027,1119
BOG_20250326,209,101,100,,Profile199_SN00377.csv,,1,1076,1091
BOG_20250326,209,101,100,,Profile200_SN00377.csv,,1,884,1024
BOG_20250326,209,101,100,,Profile201_SN00377.csv,,1,1003,1096
BOG_20250326,209,101,100,,Profile203_SN00377.csv,,1,1064,1094
BOG_20250326,209,101,100,,Profile204_SN00377.csv,,1,1028,1084
BOG_20250110,160,137,135,,Profile24_SN00340.csv,,1,219,239
BOG_20250110,160,137,135,,Profile25_SN00340.csv,,1,225,245
BOG_20250110,160,137,135,,Profile27_SN00340.csv,,1,243,264
BOG_20250110,160,137,135,,Profile31_SN00340.csv,,1,235,254
BOG_20250110,160,137,135,,Profile32_SN00340.csv,,1,219,230
BOG_20250110,160,98.5,98,,Profile24_SN00340.csv,,1,591,610
BOG_20250110,160,98.5,98,,Profile25_SN00340.csv,,1,616,632
BOG_20250110,160,98.5,98,,Profile27_SN00340.csv,,1,617,623
BOG_20250110,160,98.5,98,,Profile31_SN00340.csv,,1,615,628
BOG_20250110,160,98.5,98,,Profile32_SN00340.csv,,0,,
BOG_20250110,160,84,79,,Profile24_SN00340.csv,,1,714,727
BOG_20250110,160,84,79,,Profile25_SN00340.csv,,1,787,809
BOG_20250110,160,84,79,,Profile27_SN00340.csv,,1,733,792
BOG_20250110,160,84,79,,Profile31_SN00340.csv,,1,730,754
BOG_20250110,160,84,79,,Profile32_SN00340.csv,,1,756,800
BOG_20250110,160,25,24,,Profile24_SN00340.csv,,0,,
BOG_20250110,160,25,24,,Profile25_SN00340.csv,,1,1419,1432
BOG_20250110,160,25,24,,Profile27_SN00340.csv,,1,1383,1402
BOG_20250110,160,25,24,,Profile31_SN00340.csv,,1,1352,1370
BOG_20250110,160,25,24,,Profile32_SN00340.csv,,0,,
BMO_20241201,20,12.5,11,,Profile759_SN00151.csv,,1,102,111
BMO_20241201,20,12.5,11,,Profile760_SN00151.csv,,1,85,95
BMO_20241201,20,12.5,11,,Profile762_SN00151.csv,,1,112,129
BMO_20241201,20,12.5,11,,Profile763_SN00151.csv,,1,107,124
BMO_20241201,20,12.5,11,,Profile764_SN00151.csv,,1,102,112
BMO_20241201,20,8,0,,Profile759_SN00151.csv,,1,145,187
BMO_20241201,20,8,0,,Profile760_SN00151.csv,,1,130,154
BMO_20241201,20,8,0,,Profile762_SN00151.csv,,1,142,178
BMO_20241201,20,8,0,,Profile763_SN00151.csv,,1,149,177
BMO_20241201,20,8,0,,Profile764_SN00151.csv,,1,141,179
FCO_20240311,124,124,123,,Profile329_SN00259.csv,,0,,
FCO_20240311,124,78,77,,Profile329_SN00259.csv,,1,471,520
FCO_20240311,124,57,56,,Profile329_SN00259.csv,,1,481,520
FCO_20240311,124,45,41,,Profile329_SN00259.csv,,0,,
SLMet_20250415,52,52,44,,Profile385_SN00308.csv,,1,0,52
AM_20250205,95,95,91,,Profile1300_SN00234.csv,,0,,
AM_20250205,95,95,91,,Profile1301_SN00234.csv,,1,0,35
AM_20250205,95,95,91,,Profile1302_SN00234.csv,,1,0,50
AM_20250205,95,95,91,,Profile1303_SN00234.csv,,1,11,44
AM_20250205,95,95,91,,Profile1304_SN00234.csv,,1,6,36
SLMet_20241217,42,5,0,,Profile978_SN00234.csv,,1,320,330
SLMet_20241217,42,5,0,,Profile981_SN00234.csv,,0,,
SLMet_20241217,42,5,0,,Profile987_SN00234.csv,,1,371,379
SLMet_20241217,42,5,0,,Profile989_SN00234.csv,,1,369,410
SLMet_20241217,42,5,0,,Profile990_SN00234.csv,,1,375,380
JPLMet_20250407_TS_1200,68,61,60,,Profile232_SN00377.csv,,1,62,74
JPLMet_20250407_TS_1200,68,61,60,,Profile235_SN00377.csv,,1,56,69
JPLMet_20250407_TS_1200,68,61,60,,Profile239_SN00377.csv,,1,135,157
JPLMet_20250407_TS_1200,68,61,60,,Profile241_SN00377.csv,,0,,
JPLMet_20250407_TS_1200,68,61,60,,Profile3_SN00373.csv,,1,87,99
JPLMet_20250407_TS_1200,68,53,51.5,,Profile232_SN00377.csv,,1,145,177
JPLMet_20250407_TS_1200,68,53,51.5,,Profile235_SN00377.csv,,1,140,172
JPLMet_20250407_TS_1200,68,53,51.5,,Profile239_SN00377.csv,,1,134,173
JPLMet_20250407_TS_1200,68,53,51.5,,Profile241_SN00377.csv,,1,136,212
JPLMet_20250407_TS_1200,68,53,51.5,,Profile3_SN00373.csv,,1,166,198
DHMet_20250318,125,113,108,,Profile221_SN00308.csv,,1,157,182
DHMet_20250318,125,113,108,,Profile222_SN00308.csv,,1,184,211
DHMet_20250318,125,113,108,,Profile223_SN00308.csv,,1,153,183
DHMet_20250318,125,113,108,,Profile224_SN00308.csv,,1,100,180
DHMet_20250318,125,113,108,,Profile230_SN00308.csv,,1,90,177
DHMet_20250318,125,105,103,,Profile221_SN00308.csv,,1,156,185
DHMet_20250318,125,105,103,,Profile222_SN00308.csv,,1,184,211
DHMet_20250318,125,105,103,,Profile223_SN00308.csv,,1,155,183
DHMet_20250318,125,105,103,,Profile224_SN00308.csv,,1,98,218
DHMet_20250318,125,105,103,,Profile230_SN00308.csv,,1,90,194
BOG_20250205,204,203,202.5,,Profile131_SN00377.csv,,1,11,25
BOG_20250205,204,203,202.5,,Profile132_SN00377.csv,,1,15,29
BOG_20250205,204,203,202.5,,Profile133_SN00377.csv,,1,9,26
BOG_20250205,204,203,202.5,,Profile135_SN00377.csv,,1,3,19
BOG_20250205,204,203,202.5,,Profile136_SN00377.csv,,1,6,18
BOG_20250205,204,113.5,112.5,,Profile131_SN00377.csv,,1,962,975
BOG_20250205,204,113.5,112.5,,Profile132_SN00377.csv,,1,983,992
BOG_20250205,204,113.5,112.5,,Profile133_SN00377.csv,,1,978,991
BOG_20250205,204,113.5,112.5,,Profile135_SN00377.csv,,1,955,972
BOG_20250205,204,113.5,112.5,,Profile136_SN00377.csv,,1,949,966
BOG_20250205,204,74,59,,Profile131_SN00377.csv,,1,1386,1397
BOG_20250205,204,74,59,,Profile132_SN00377.csv,,1,1401,1441
BOG_20250205,204,74,59,,Profile133_SN00377.csv,,1,1382,1442
BOG_20250205,204,74,59,,Profile135_SN00377.csv,,1,1387,1413
BOG_20250205,204,74,59,,Profile136_SN00377.csv,,1,1368,1411
BDG_20250228,288,284,283,,Profile181_SN00377.csv,,1,19,28
BDG_20250228,288,284,283,,Profile183_SN00377.csv,,1,12,40
BDG_20250228,288,284,283,,Profile184_SN00377.csv,,1,33,102
BDG_20250228,288,284,283,,Profile185_SN00377.csv,,1,51,114
BDG_20250228,288,284,283,,Profile186_SN00377.csv,,1,20,42
BDG_20250228,288,279,278,,Profile181_SN00377.csv,,1,19,28
BDG_20250228,288,279,278,,Profile183_SN00377.csv,,1,12,40
BDG_20250228,288,279,278,,Profile184_SN00377.csv,,1,35,102
BDG_20250228,288,279,278,,Profile185_SN00377.csv,,1,67,100
BDG_20250228,288,279,278,,Profile186_SN00377.csv,,1,21,38
BDG_20250228,288,148,147,,Profile181_SN00377.csv,,0,,
BDG_20250228,288,148,147,,Profile183_SN00377.csv,,0,,
BDG_20250228,288,148,147,,Profile184_SN00377.csv,,0,,
BDG_20250228,288,148,147,,Profile185_SN00377.csv,,0,,
BDG_20250228,288,148,147,,Profile186_SN00377.csv,,0,,
PLT2_20241206,88,66.5,66,,Profile3_SN00359.csv,,0,,
PLT2_20241206,88,66.5,66,,Profile2_SN00359.csv,,0,,
PLT2_20241206,88,66.5,66,,Profile4_SN00359.csv,,0,,
PLT2_20241206,88,18,16,,Profile3_SN00359.csv,,1,715,731
PLT2_20241206,88,18,16,,Profile2_SN00359.csv,,1,680,699
PLT2_20241206,88,18,16,,Profile4_SN00359.csv,,1,695,719
JPLMet_20250305,96,86,82,,Profile159_SN00308.csv,,1,91,120
JPLMet_20250305,96,86,82,,Profile160_SN00308.csv,,1,8,33
JPLMet_20250305,96,86,82,,Profile161_SN00308.csv,,1,95,125
JPLMet_20250305,96,86,82,,Profile163_SN00308.csv,,1,107,131
JPLMet_20250305,96,86,82,,Profile165_SN00308.csv,,1,102,123
JPLMet_20250305,96,59,56,,Profile159_SN00308.csv,,1,408,431
JPLMet_20250305,96,59,56,,Profile160_SN00308.csv,,1,232,315
JPLMet_20250305,96,59,56,,Profile161_SN00308.csv,,1,417,433
JPLMet_20250305,96,59,56,,Profile163_SN00308.csv,,1,408,436
JPLMet_20250305,96,59,56,,Profile165_SN00308.csv,,1,383,397
BOG_20250116,153,153,152,,Profile39_SN00340.csv,,0,,
BOG_20250116,153,153,152,,Profile42_SN00340.csv,,0,,
BOG_20250116,153,153,152,,Profile43_SN00340.csv,,0,,
BOG_20250116,153,153,152,,Profile44_SN00340.csv,,0,,
BOG_20250116,153,153,152,,Profile45_SN00340.csv,,0,,
BOG_20250116,153,93.5,92.5,,Profile39_SN00340.csv,,0,,
BOG_20250116,153,93.5,92.5,,Profile42_SN00340.csv,,0,,
BOG_20250116,153,93.5,92.5,,Profile43_SN00340.csv,,1,631,627
BOG_20250116,153,93.5,92.5,,Profile44_SN00340.csv,,0,,
BOG_20250116,153,93.5,92.5,,Profile45_SN00340.csv,,0,,
BOG_20250116,153,80,76,,Profile39_SN00340.csv,,1,654,767
BOG_20250116,153,80,76,,Profile42_SN00340.csv,,1,719,806
BOG_20250116,153,80,76,,Profile43_SN00340.csv,,1,699,763
BOG_20250116,153,80,76,,Profile44_SN00340.csv,,1,686,751
BOG_20250116,153,80,76,,Profile45_SN00340.csv,,1,729,777
AM_20250416,139,130,118,,Profile421_SN00308.csv,,1,53,186
AM_20250416,139,130,118,,Profile423_SN00308.csv,,0,,
AM_20250416,139,130,118,,Profile424_SN00308.csv,,1,100,186
AM_20250416,139,130,118,,Profile426_SN00308.csv,,1,47,113
AM_20250416,139,130,118,,Profile427_SN00308.csv,,0,,
AM_20250416,139,110,109,,Profile421_SN00308.csv,,1,310,327
AM_20250416,139,110,109,,Profile423_SN00308.csv,,1,200,218
AM_20250416,139,110,109,,Profile424_SN00308.csv,,1,275,295
AM_20250416,139,110,109,,Profile426_SN00308.csv,,1,201,243
AM_20250416,139,110,109,,Profile427_SN00308.csv,,1,173,201
JPLMet_20250212,76,60,57,,Profile905_SN00151.csv,,1,222,265
JPLMet_20250212,76,60,57,,Profile906_SN00151.csv,,1,208,245
JPLMet_20250212,76,60,57,,Profile907_SN00151.csv,,1,219,263
JPLMet_20250212,76,60,57,,Profile908_SN00151.csv,,1,184,273
JPLMet_20250212,76,60,57,,Profile909_SN00151.csv,,1,194,224
SLMet_20250305,102,89,86,,Profile154_SN00308.csv,,1,35,60
SLMet_20250305,102,89,86,,Profile155_SN00308.csv,,1,30,59
SLMet_20250305,102,89,86,,Profile156_SN00308.csv,,1,101,126
SLMet_20250305,102,89,86,,Profile157_SN00308.csv,,1,80,101
SLMet_20250305,102,89,86,,Profile158_SN00308.csv,,1,74,95
SLMet_20250305,102,58,56,,Profile154_SN00308.csv,,1,354,374
SLMet_20250305,102,58,56,,Profile155_SN00308.csv,,1,358,385
SLMet_20250305,102,58,56,,Profile156_SN00308.csv,,1,417,431
SLMet_20250305,102,58,56,,Profile157_SN00308.csv,,1,394,408
SLMet_20250305,102,58,56,,Profile158_SN00308.csv,,1,408,428
BDG_20241219,170,169,167,,Profile41_SN00308.csv,,0,,
BDG_20241219,170,169,167,,Profile42_SN00308.csv,,0,,
BDG_20241219,170,169,167,,Profile43_SN00308.csv,,0,,
BDG_20241219,170,169,167,,Profile44_SN00308.csv,,0,,
BDG_20241219,170,169,167,,Profile46_SN00308.csv,,0,,
BDG_20241219,170,75,72,,Profile41_SN00308.csv,,1,968,989
BDG_20241219,170,75,72,,Profile42_SN00308.csv,,1,991,1014
BDG_20241219,170,75,72,,Profile43_SN00308.csv,,1,932,954
BDG_20241219,170,75,72,,Profile44_SN00308.csv,,1,997,1041
BDG_20241219,170,75,72,,Profile46_SN00308.csv,,1,1015,1079
DHMet_20250312,123,123,118,,Profile183_SN00308.csv,,1,66,104
DHMet_20250312,123,123,118,,Profile184_SN00308.csv,,1,55,90
DHMet_20250312,123,123,118,,Profile186_SN00308.csv,,1,36,43
DHMet_20250312,123,123,118,,Profile187_SN00308.csv,,1,51,100
DHMet_20250312,123,123,118,,Profile188_SN00308.csv,,1,24,53
DHMet_20250312,123,113,109,,Profile183_SN00308.csv,,1,222,239
DHMet_20250312,123,113,109,,Profile184_SN00308.csv,,1,116,135
DHMet_20250312,123,113,109,,Profile186_SN00308.csv,,1,128,137
DHMet_20250312,123,113,109,,Profile187_SN00308.csv,,1,241,249
DHMet_20250312,123,113,109,,Profile188_SN00308.csv,,1,181,196
FRE_20241210,94,67,65.5,,Profile7_SN00308.csv,,1,317,370
FRE_20241210,94,67,65.5,,Profile8_SN00308.csv,,1,313,377
FRE_20241210,94,67,65.5,,Profile9_SN00308.csv,,1,326,339
FRE_20241210,94,67,65.5,,Profile10_SN00308.csv,,1,316,328
FRE_20241210,94,67,65.5,,Profile11_SN00308.csv,,1,369,276
FST_20250407,185,155,153,,Profile273_SN00308.csv,,1,230,236
FST_20250407,185,155,153,,Profile275_SN00308.csv,,1,425,441
FST_20250407,185,155,153,,Profile277_SN00308.csv,,1,347,368
FST_20250407,185,155,153,,Profile278_SN00308.csv,,1,336,364
FST_20250407,185,155,153,,Profile280_SN00308.csv,,1,309,324
CCY_20250206,92.5,92,91.5,,Profile140_SN00377.csv,,0,,
CCY_20250206,92.5,92,91.5,,Profile141_SN00377.csv,,0,,
CCY_20250206,92.5,92,91.5,,Profile144_SN00377.csv,,0,,
CCY_20250206,92.5,92,91.5,,Profile146_SN00377.csv,,0,,
CCY_20250206,92.5,92,91.5,,Profile147_SN00377.csv,,0,,
CCY_20250206,92.5,83.5,78,,Profile140_SN00377.csv,,0,,
CCY_20250206,92.5,83.5,78,,Profile141_SN00377.csv,,1,87,113
CCY_20250206,92.5,83.5,78,,Profile144_SN00377.csv,,1,79,105
CCY_20250206,92.5,83.5,78,,Profile146_SN00377.csv,,1,91,114
CCY_20250206,92.5,83.5,78,,Profile147_SN00377.csv,,1,85,116
CCY_20250206,92.5,74,67,,Profile140_SN00377.csv,,0,,
CCY_20250206,92.5,74,67,,Profile141_SN00377.csv,,1,167,205
CCY_20250206,92.5,74,67,,Profile144_SN00377.csv,,1,157,194
CCY_20250206,92.5,74,67,,Profile146_SN00377.csv,,1,155,198
CCY_20250206,92.5,74,67,,Profile147_SN00377.csv,,1,171,201
CCY_20250206,92.5,61,58,,Profile140_SN00377.csv,,0,,
CCY_20250206,92.5,61,58,,Profile141_SN00377.csv,,1,345,371
CCY_20250206,92.5,61,58,,Profile144_SN00377.csv,,1,329,348
CCY_20250206,92.5,61,58,,Profile146_SN00377.csv,,1,345,360
CCY_20250206,92.5,61,58,,Profile147_SN00377.csv,,1,356,372
CCY_20250206,92.5,27,20,,Profile140_SN00377.csv,,0,,
CCY_20250206,92.5,27,20,,Profile141_SN00377.csv,,1,692,725
CCY_20250206,92.5,27,20,,Profile144_SN00377.csv,,1,700,726
CCY_20250206,92.5,27,20,,Profile146_SN00377.csv,,1,636,658
CCY_20250206,92.5,27,20,,Profile147_SN00377.csv,,1,678,689
DHMet_20250225,130,130,128,,Profile960_SN00151.csv,,1,1,21
DHMet_20250225,130,130,128,,Profile962_SN00151.csv,,1,1,31
DHMet_20250225,130,130,128,,Profile966_SN00151.csv,,1,1,21
DHMet_20250225,130,130,128,,Profile967_SN00151.csv,,1,1,21
DHMet_20250225,130,130,128,,Profile968_SN00151.csv,,1,3,30
DHMet_20250225,130,123,121,,Profile960_SN00151.csv,,1,79,96
DHMet_20250225,130,123,121,,Profile962_SN00151.csv,,1,84,102
DHMet_20250225,130,123,121,,Profile966_SN00151.csv,,1,68,82
DHMet_20250225,130,123,121,,Profile967_SN00151.csv,,1,71,86
DHMet_20250225,130,123,121,,Profile968_SN00151.csv,,1,80,100
DHMet_20250225,130,75,72,,Profile960_SN00151.csv,,1,491,507
DHMet_20250225,130,75,72,,Profile962_SN00151.csv,,1,506,529
DHMet_20250225,130,75,72,,Profile966_SN00151.csv,,1,502,515
DHMet_20250225,130,75,72,,Profile967_SN00151.csv,,1,510,524
DHMet_20250225,130,75,72,,Profile968_SN00151.csv,,1,522,535
BOG_20241213,61,54,52,,Profile19_SN00308.csv,,1,58,72
BOG_20241213,61,54,52,,Profile22_SN00308.csv,,1,65,80
BOG_20241213,61,54,52,,Profile23_SN00308.csv,,1,45,62
BOG_20241213,61,54,52,,Profile27_SN00308.csv,,1,73,86
BOG_20241213,61,54,52,,Profile28_SN00308.csv,,0,,
BOG_20241213,61,54,52,,Profile30_SN00308.csv,,1,70,85
BOG_20241213,61,54,52,,Profile31_SN00308.csv,,1,68,87
BOG_20241213,61,54,52,,Profile32_SN00308.csv,,1,51,73
BOG_20241213,61,54,52,,Profile33_SN00308.csv,,1,56,83
BOG_20241213,61,54,52,,Profile34_SN00308.csv,,1,56,77
BOG_20241213,61,42,40,,Profile19_SN00308.csv,,1,198,210
BOG_20241213,61,42,40,,Profile22_SN00308.csv,,1,193,208
BOG_20241213,61,42,40,,Profile23_SN00308.csv,,1,194,208
BOG_20241213,61,42,40,,Profile27_SN00308.csv,,1,167,178
BOG_20241213,61,42,40,,Profile28_SN00308.csv,,1,197,205
BOG_20241213,61,42,40,,Profile30_SN00308.csv,,1,214,231
BOG_20241213,61,42,40,,Profile31_SN00308.csv,,1,188,194
BOG_20241213,61,42,40,,Profile32_SN00308.csv,,1,210,241
BOG_20241213,61,42,40,,Profile33_SN00308.csv,,1,178,189
BOG_20241213,61,42,40,,Profile34_SN00308.csv,,0,,
BOG_20241213,61,38.5,36.5,,Profile19_SN00308.csv,,1,230,250
BOG_20241213,61,38.5,36.5,,Profile22_SN00308.csv,,1,232,241
BOG_20241213,61,38.5,36.5,,Profile23_SN00308.csv,,1,231,238
BOG_20241213,61,38.5,36.5,,Profile27_SN00308.csv,,1,228,254
BOG_20241213,61,38.5,36.5,,Profile28_SN00308.csv,,1,254,269
BOG_20241213,61,38.5,36.5,,Profile30_SN00308.csv,,1,263,283
BOG_20241213,61,38.5,36.5,,Profile31_SN00308.csv,,1,203,244
BOG_20241213,61,38.5,36.5,,Profile32_SN00308.csv,,1,233,245
BOG_20241213,61,38.5,36.5,,Profile33_SN00308.csv,,1,214,230
BOG_20241213,61,38.5,36.5,,Profile34_SN00308.csv,,0,,
BOG_20241213,61,34.5,33,,Profile19_SN00308.csv,,1,258,270
BOG_20241213,61,34.5,33,,Profile22_SN00308.csv,,1,265,273
BOG_20241213,61,34.5,33,,Profile23_SN00308.csv,,1,270,280
BOG_20241213,61,34.5,33,,Profile27_SN00308.csv,,1,254,269
BOG_20241213,61,34.5,33,,Profile28_SN00308.csv,,1,254,264
BOG_20241213,61,34.5,33,,Profile30_SN00308.csv,,1,267,283
BOG_20241213,61,34.5,33,,Profile31_SN00308.csv,,1,249,265
BOG_20241213,61,34.5,33,,Profile32_SN00308.csv,,1,258,281
BOG_20241213,61,34.5,33,,Profile33_SN00308.csv,,1,247,262
BOG_20241213,61,34.5,33,,Profile34_SN00308.csv,,1,279,300
BOG_20241213,61,21,20,,Profile19_SN00308.csv,,1,398,404
BOG_20241213,61,21,20,,Profile22_SN00308.csv,,1,413,427
BOG_20241213,61,21,20,,Profile23_SN00308.csv,,1,415,426
BOG_20241213,61,21,20,,Profile27_SN00308.csv,,1,382,395
BOG_20241213,61,21,20,,Profile28_SN00308.csv,,1,410,425
BOG_20241213,61,21,20,,Profile30_SN00308.csv,,1,414,422
BOG_20241213,61,21,20,,Profile31_SN00308.csv,,1,412,418
BOG_20241213,61,21,20,,Profile32_SN00308.csv,,1,392,395
BOG_20241213,61,21,20,,Profile33_SN00308.csv,,1,374,386
BOG_20241213,61,21,20,,Profile34_SN00308.csv,,1,409,435
BOG_20241213,61,13,9,,Profile19_SN00308.csv,,1,483,485
BOG_20241213,61,13,9,,Profile22_SN00308.csv,,0,,
BOG_20241213,61,13,9,,Profile23_SN00308.csv,,1,495,527
BOG_20241213,61,13,9,,Profile27_SN00308.csv,,1,471,498
BOG_20241213,61,13,9,,Profile28_SN00308.csv,,1,457,492
BOG_20241213,61,13,9,,Profile30_SN00308.csv,,0,,
BOG_20241213,61,13,9,,Profile31_SN00308.csv,,1,478,520
BOG_20241213,61,13,9,,Profile32_SN00308.csv,,1,530,554
BOG_20241213,61,13,9,,Profile33_SN00308.csv,,1,494,525
BOG_20241213,61,13,9,,Profile34_SN00308.csv,,0,,
BDG_20241212,120,78,74,,Profile12_SN00308.csv,,1,446,483
BDG_20241212,120,78,74,,Profile13_SN00308.csv,,1,444,467
BDG_20241212,120,78,74,,Profile15_SN00308.csv,,1,465,511
BDG_20241212,120,78,74,,Profile16_SN00308.csv,,1,462,490
BDG_20241212,120,78,74,,Profile17_SN00308.csv,,1,467,498
BDG_20241212,120,25,23,,Profile12_SN00308.csv,,1,903,971
BDG_20241212,120,25,23,,Profile13_SN00308.csv,,1,956,974
BDG_20241212,120,25,23,,Profile15_SN00308.csv,,1,927,978
BDG_20241212,120,25,23,,Profile16_SN00308.csv,,1,909,1000
BDG_20241212,120,25,23,,Profile17_SN00308.csv,,1,903,998
SLMet_20250226,90,89,86.5,,Profile1344_SN00234.csv,,0,,
SLMet_20250226,90,89,86.5,,Profile1345_SN00234.csv,,1,2,21
SLMet_20250226,90,89,86.5,,Profile1346_SN00234.csv,,1,1,13
SLMet_20250226,90,89,86.5,,Profile1348_SN00234.csv,,1,1,22
SLMet_20250226,90,89,86.5,,Profile1349_SN00234.csv,,1,3,15
SLMet_20250226,90,57,55,,Profile1344_SN00234.csv,,1,1,15
SLMet_20250226,90,57,55,,Profile1345_SN00234.csv,,1,339,357
SLMet_20250226,90,57,55,,Profile1346_SN00234.csv,,1,338,373
SLMet_20250226,90,57,55,,Profile1348_SN00234.csv,,1,340,373
SLMet_20250226,90,57,55,,Profile1349_SN00234.csv,,1,371,383
BMO_20250224,96,62,59,,Profile384_SN00258.csv,,1,371,394
BMO_20250224,96,62,59,,Profile387_SN00258.csv,,1,277,314
BMO_20250224,96,62,59,,Profile391_SN00258.csv,,1,305,340
BMO_20250224,96,62,59,,Profile393_SN00258.csv,,1,374,402
BMO_20250224,96,57,54,,Profile384_SN00258.csv,,1,346,376
BMO_20250224,96,57,54,,Profile387_SN00258.csv,,1,277,312
BMO_20250224,96,57,54,,Profile391_SN00258.csv,,0,,
BMO_20250224,96,57,54,,Profile393_SN00258.csv,,1,374,401
BMO_20250224,96,52,50,,Profile384_SN00258.csv,,1,385,399
BMO_20250224,96,52,50,,Profile387_SN00258.csv,,0,,
BMO_20250224,96,52,50,,Profile391_SN00258.csv,,0,,
BMO_20250224,96,52,50,,Profile393_SN00258.csv,,1,415,433
LFMet_20250312,103,100,96,,Profile189_SN00308.csv,,1,473,494
LFMet_20250312,103,100,96,,Profile190_SN00308.csv,,1,33,47
LFMet_20250312,103,100,96,,Profile191_SN00308.csv,,1,1,14
LFMet_20250312,103,100,96,,Profile193_SN00308.csv,,1,1,25
LFMet_20250312,103,100,96,,Profile194_SN00308.csv,,1,30,49
FRE_20250122,187,184,181,,Profile46_SN00340.csv,,1,1,11
FRE_20250122,187,184,181,,Profile47_SN00340.csv,,0,,
FRE_20250122,187,184,181,,Profile48_SN00340.csv,,1,36,49
FRE_20250122,187,184,181,,Profile50_SN00340.csv,,0,,
FRE_20250122,187,184,181,,Profile51_SN00340.csv,,0,,
FRE_20250122,187,169,166,,Profile46_SN00340.csv,,0,,
FRE_20250122,187,169,166,,Profile47_SN00340.csv,,1,247,271
FRE_20250122,187,169,166,,Profile48_SN00340.csv,,1,213,252
FRE_20250122,187,169,166,,Profile50_SN00340.csv,,1,226,269
FRE_20250122,187,169,166,,Profile51_SN00340.csv,,1,212,230
AM_20241122,38,35,34.5,,Profile744_SN00234.csv,,1,221,249
AM_20241122,38,35,34.5,,Profile745_SN00234.csv,,1,24,33
AM_20241122,38,35,34.5,,Profile747_SN00234.csv,,0,,
AM_20241122,38,35,34.5,,Profile748_SN00234.csv,,0,,
AM_20241122,38,35,34.5,,Profile749_SN00234.csv,,1,24,38
JPLMet_20250318,89,87,85,,Profile236_SN00308.csv,,0,,
JPLMet_20250318,89,87,85,,Profile238_SN00308.csv,,1,23,56
JPLMet_20250318,89,87,85,,Profile239_SN00308.csv,,1,49,67
JPLMet_20250318,89,87,85,,Profile240_SN00308.csv,,1,30,49
JPLMet_20250318,89,87,85,,Profile241_SN00308.csv,,1,34,52
JPLMet_20250318,89,82,74,,Profile236_SN00308.csv,,1,17,42
JPLMet_20250318,89,82,74,,Profile238_SN00308.csv,,1,66,101
JPLMet_20250318,89,82,74,,Profile239_SN00308.csv,,1,123,170
JPLMet_20250318,89,82,74,,Profile240_SN00308.csv,,1,47,141
JPLMet_20250318,89,82,74,,Profile241_SN00308.csv,,1,77,165
JPLMet_20250318,89,51,47,,Profile236_SN00308.csv,,1,127,167
JPLMet_20250318,89,51,47,,Profile238_SN00308.csv,,1,365,386
JPLMet_20250318,89,51,47,,Profile239_SN00308.csv,,1,382,401
JPLMet_20250318,89,51,47,,Profile240_SN00308.csv,,1,364,378
JPLMet_20250318,89,51,47,,Profile241_SN00308.csv,,1,385,399
JPLMet_20250211,68,60,56,,Profile1342_SN00234.csv,,1,418,449
JPLMet_20250211,68,60,56,,Profile874_SN00151.csv,,1,82,105
JPLMet_20250211,68,60,56,,Profile876_SN00151.csv,,1,35,54
JPLMet_20250205,70,70,67,,Profile1316_SN00234.csv,,1,63,73
JPLMet_20250205,70,70,67,,Profile1317_SN00234.csv,,0,,
JPLMet_20250205,70,70,67,,Profile1318_SN00234.csv,,0,,
JPLMet_20250205,70,70,67,,Profile1319_SN00234.csv,,0,,
JPLMet_20250205,70,70,67,,Profile1320_SN00234.csv,,1,1,51
JPLMet_20250407_TS_1045,76,61,58,,Profile214_SN00377.csv,,1,1,14
JPLMet_20250407_TS_1045,76,61,58,,Profile217_SN00377.csv,,1,122,164
JPLMet_20250407_TS_1045,76,61,58,,Profile219_SN00377.csv,,1,180,150
JPLMet_20250407_TS_1045,76,61,58,,Profile224_SN00377.csv,,1,103,138
JPLMet_20250407_TS_1045,76,61,58,,Profile226_SN00377.csv,,1,109,165
JPLMet_20250407_TS_1045,76,53,49,,Profile214_SN00377.csv,,1,115,159
JPLMet_20250407_TS_1045,76,53,49,,Profile217_SN00377.csv,,1,203,296
JPLMet_20250407_TS_1045,76,53,49,,Profile219_SN00377.csv,,1,182,294
JPLMet_20250407_TS_1045,76,53,49,,Profile224_SN00377.csv,,1,185,281
JPLMet_20250407_TS_1045,76,53,49,,Profile226_SN00377.csv,,1,189,287
JPLMet_20250407_TS_1045,76,43,42,,Profile214_SN00377.csv,,1,186,285
JPLMet_20250407_TS_1045,76,43,42,,Profile217_SN00377.csv,,0,,
JPLMet_20250407_TS_1045,76,43,42,,Profile219_SN00377.csv,,1,334,496
JPLMet_20250407_TS_1045,76,43,42,,Profile224_SN00377.csv,,0,,
JPLMet_20250407_TS_1045,76,43,42,,Profile226_SN00377.csv,,1,323,329
BDG_20250530,81,4,0,,Profile11_SN00316.csv,,0,,
BDG_20250530,81,4,0,,Profile12_SN00316.csv,,1,775,813
BDG_20250530,81,4,0,,Profile13_SN00316.csv,,1,771,791
BDG_20250530,81,4,0,,Profile14_SN00316.csv,,1,725,757
BDG_20250530,81,4,0,,Profile15_SN00316.csv,,1,750,768
BOG_20250305,205,203,197.5,,Profile187_SN00377.csv,,1,714,749
BOG_20250305,205,203,197.5,,Profile189_SN00377.csv,,1,37,60
BOG_20250305,205,203,197.5,,Profile190_SN00377.csv,,1,41,59
BOG_20250305,205,203,197.5,,Profile191_SN00377.csv,,1,35,56
BOG_20250305,205,203,197.5,,Profile192_SN00377.csv,,1,46,62
BOG_20250305,205,196,194,,Profile187_SN00377.csv,,1,39,127
BOG_20250305,205,196,194,,Profile189_SN00377.csv,,1,112,123
BOG_20250305,205,196,194,,Profile190_SN00377.csv,,1,111,121
BOG_20250305,205,196,194,,Profile191_SN00377.csv,,1,95,112
BOG_20250305,205,196,194,,Profile192_SN00377.csv,,1,92,121
BOG_20250305,205,190,189,,Profile187_SN00377.csv,,1,79,87
BOG_20250305,205,190,189,,Profile189_SN00377.csv,,1,112,123
BOG_20250305,205,190,189,,Profile190_SN00377.csv,,1,111,121
BOG_20250305,205,190,189,,Profile191_SN00377.csv,,1,92,144
BOG_20250305,205,190,189,,Profile192_SN00377.csv,,1,203,212
BOG_20250305,205,179.5,179,,Profile187_SN00377.csv,,0,,
BOG_20250305,205,179.5,179,,Profile189_SN00377.csv,,0,,
BOG_20250305,205,179.5,179,,Profile190_SN00377.csv,,0,,
BOG_20250305,205,179.5,179,,Profile191_SN00377.csv,,0,,
BOG_20250305,205,179.5,179,,Profile192_SN00377.csv,,1,202,213
BOG_20250305,205,159,158.5,,Profile187_SN00377.csv,,0,,
BOG_20250305,205,159,158.5,,Profile189_SN00377.csv,,1,427,452
BOG_20250305,205,159,158.5,,Profile190_SN00377.csv,,1,422,453
BOG_20250305,205,159,158.5,,Profile191_SN00377.csv,,1,430,460
BOG_20250305,205,159,158.5,,Profile192_SN00377.csv,,1,422,453
BOG_20250305,205,120.5,119.5,,Profile187_SN00377.csv,,0,,
BOG_20250305,205,120.5,119.5,,Profile189_SN00377.csv,,0,,
BOG_20250305,205,120.5,119.5,,Profile190_SN00377.csv,,0,,
BOG_20250305,205,120.5,119.5,,Profile191_SN00377.csv,,0,,
BOG_20250305,205,120.5,119.5,,Profile192_SN00377.csv,,0,,
BOG_20250305,205,95,94.5,,Profile187_SN00377.csv,,0,,
BOG_20250305,205,95,94.5,,Profile189_SN00377.csv,,0,,
BOG_20250305,205,95,94.5,,Profile190_SN00377.csv,,0,,
BOG_20250305,205,95,94.5,,Profile191_SN00377.csv,,0,,
BOG_20250305,205,95,94.5,,Profile192_SN00377.csv,,0,,
MCSST_20250402,248,234,228,,Profile206_SN00377.csv,,1,1114,1129
MCSST_20250402,248,234,228,,Profile207_SN00377.csv,,1,103,181
MCSST_20250402,248,234,228,,Profile208_SN00377.csv,,1,113,149
MCSST_20250402,248,234,228,,Profile209_SN00377.csv,,1,124,293
MCSST_20250402,248,234,228,,Profile212_SN00377.csv,,1,137,167
MCSST_20250402,248,147,127,,Profile206_SN00377.csv,,1,872,935
MCSST_20250402,248,147,127,,Profile207_SN00377.csv,,1,1086,1146
MCSST_20250402,248,147,127,,Profile208_SN00377.csv,,1,943,913
MCSST_20250402,248,147,127,,Profile209_SN00377.csv,,1,914,946
MCSST_20250402,248,147,127,,Profile212_SN00377.csv,,0,,
DHMet_20250305,142,121,114,,Profile147_SN00308.csv,,1,142,193
DHMet_20250305,142,121,114,,Profile148_SN00308.csv,,1,177,207
DHMet_20250305,142,121,114,,Profile151_SN00308.csv,,1,156,236
DHMet_20250305,142,121,114,,Profile152_SN00308.csv,,1,124,222
DHMet_20250305,142,121,114,,Profile153_SN00308.csv,,1,144,175
DHMet_20250305,142,80,77,,Profile147_SN00308.csv,,1,552,574
DHMet_20250305,142,80,77,,Profile148_SN00308.csv,,1,564,581
DHMet_20250305,142,80,77,,Profile151_SN00308.csv,,1,55,578
DHMet_20250305,142,80,77,,Profile152_SN00308.csv,,1,537,558
DHMet_20250305,142,80,77,,Profile153_SN00308.csv,,1,553,563
FCO_20250120,82,69,66,,Profile457_SN00258.csv,,1,43,69
FCO_20250120,82,69,66,,Profile458_SN00258.csv,,1,46,64
FCO_20250120,82,69,66,,Profile459_SN00258.csv,,1,67,90
FCO_20250120,82,69,66,,Profile460_SN00258.csv,,1,61,83
FCO_20250120,82,41,38,,Profile457_SN00258.csv,,1,426,464
FCO_20250120,82,41,38,,Profile458_SN00258.csv,,1,423,484
FCO_20250120,82,41,38,,Profile459_SN00258.csv,,1,461,513
FCO_20250120,82,41,38,,Profile460_SN00258.csv,,1,444,489
BDG_20250107,220,198,197,,Profile14_SN00340.csv,,1,214,231
BDG_20250107,220,198,197,,Profile15_SN00340.csv,,1,165,183
BDG_20250107,220,198,197,,Profile16_SN00340.csv,,1,215,231
BDG_20250107,220,198,197,,Profile17_SN00340.csv,,1,191,218
BDG_20250107,220,198,197,,Profile18_SN00340.csv,,1,156,255
BDG_20250107,220,132,131,,Profile14_SN00340.csv,,0,,
BDG_20250107,220,132,131,,Profile15_SN00340.csv,,0,,
BDG_20250107,220,132,131,,Profile16_SN00340.csv,,0,,
BDG_20250107,220,132,131,,Profile17_SN00340.csv,,0,,
BDG_20250107,220,132,131,,Profile18_SN00340.csv,,0,,
BDG_20250107,220,69,64,,Profile14_SN00340.csv,,1,1531,1569
BDG_20250107,220,69,64,,Profile15_SN00340.csv,,1,1525,1554
BDG_20250107,220,69,64,,Profile16_SN00340.csv,,1,1582,1617
BDG_20250107,220,69,64,,Profile17_SN00340.csv,,1,1547,1582
BDG_20250107,220,69,64,,Profile18_SN00340.csv,,1,1513,1547
FCO_20241128,27,16,15,,Profile967_SN00127.csv,,1,108,125
FCO_20241128,27,16,15,,Profile736_SN00151.csv,,1,131,153
FCO_20241128,27,16,15,,Profile737_SN00151.csv,,1,117,131
FCO_20241128,27,16,15,,Profile738_SN00151.csv,,1,143,162
FCO_20241128,27,16,15,,Profile739_SN00151.csv,,1,132,150
FCO_20241128,27,16,15,,Profile740_SN00151.csv,,1,88,111
FCO_20241128,27,16,15,,Profile741_SN00151.csv,,1,120,138
FCO_20241128,27,16,15,,Profile742_SN00151.csv,,1,133,150
FRE_20250312,285,285,284,,Profile193_SN00377.csv,,1,12,50
FRE_20250312,285,285,284,,Profile194_SN00377.csv,,1,35,87
FRE_20250312,285,285,284,,Profile195_SN00377.csv,,1,51,106
FRE_20250312,285,285,284,,Profile196_SN00377.csv,,1,7,56
FRE_20250312,285,285,284,,Profile198_SN00377.csv,,1,6,56
FRE_20250312,285,262,260,,Profile193_SN00377.csv,,0,,
FRE_20250312,285,262,260,,Profile194_SN00377.csv,,0,,
FRE_20250312,285,262,260,,Profile195_SN00377.csv,,0,,
FRE_20250312,285,262,260,,Profile196_SN00377.csv,,1,249,265
FRE_20250312,285,262,260,,Profile198_SN00377.csv,,0,,
FRE_20250312,285,233,232,,Profile193_SN00377.csv,,1,476,512
FRE_20250312,285,233,232,,Profile194_SN00377.csv,,1,454,497
FRE_20250312,285,233,232,,Profile195_SN00377.csv,,0,,
FRE_20250312,285,233,232,,Profile196_SN00377.csv,,0,,
FRE_20250312,285,233,232,,Profile198_SN00377.csv,,1,522,561
FRE_20250312,285,218,217.5,,Profile193_SN00377.csv,,0,,
FRE_20250312,285,218,217.5,,Profile194_SN00377.csv,,0,,
FRE_20250312,285,218,217.5,,Profile195_SN00377.csv,,0,,
FRE_20250312,285,218,217.5,,Profile196_SN00377.csv,,0,,
FRE_20250312,285,218,217.5,,Profile198_SN00377.csv,,0,,
FRE_20250312,285,203,202,,Profile193_SN00377.csv,,1,818,833
FRE_20250312,285,203,202,,Profile194_SN00377.csv,,1,834,848
FRE_20250312,285,203,202,,Profile195_SN00377.csv,,1,840,854
FRE_20250312,285,203,202,,Profile196_SN00377.csv,,0,,
FRE_20250312,285,203,202,,Profile198_SN00377.csv,,1,865,903
FRE_20250312,285,148,146,,Profile193_SN00377.csv,,0,,
FRE_20250312,285,148,146,,Profile194_SN00377.csv,,0,,
FRE_20250312,285,148,146,,Profile195_SN00377.csv,,0,,
FRE_20250312,285,148,146,,Profile196_SN00377.csv,,0,,
FRE_20250312,285,148,146,,Profile198_SN00377.csv,,0,,
FRE_20250312,285,134,133.5,,Profile193_SN00377.csv,,1,1513,1530
FRE_20250312,285,134,133.5,,Profile194_SN00377.csv,,0,,
FRE_20250312,285,134,133.5,,Profile195_SN00377.csv,,1,1546,1558
FRE_20250312,285,134,133.5,,Profile196_SN00377.csv,,1,1470,1489
FRE_20250312,285,134,133.5,,Profile198_SN00377.csv,,1,1482,1523
SLMet_20250314,90,82,77,,Profile216_SN00308.csv,,1,94,151
SLMet_20250314,90,82,77,,Profile217_SN00308.csv,,1,58,116
SLMet_20250314,90,82,77,,Profile218_SN00308.csv,,1,79,142
SLMet_20250314,90,82,77,,Profile219_SN00308.csv,,1,77,103
SLMet_20250314,90,82,77,,Profile220_SN00308.csv,,1,99,128
BDG_20250115,213,174,172,,Profile33_SN00340.csv,,0,,
BDG_20250115,213,174,172,,Profile34_SN00340.csv,,0,,
BDG_20250115,213,174,172,,Profile35_SN00340.csv,,1,246,279
BDG_20250115,213,174,172,,Profile36_SN00340.csv,,1,307,317
BDG_20250115,213,174,172,,Profile38_SN00340.csv,,0,,
BDG_20250115,213,60,56,,Profile33_SN00340.csv,,1,1461,1497
BDG_20250115,213,60,56,,Profile34_SN00340.csv,,1,1497,1538
BDG_20250115,213,60,56,,Profile35_SN00340.csv,,0,,
BDG_20250115,213,60,56,,Profile36_SN00340.csv,,1,1528,1547
BDG_20250115,213,60,56,,Profile38_SN00340.csv,,1,1547,1541
SLMet_20250204,65,65,62,,Profile113_SN00308.csv,,1,1,29
FEFHQ_20250306,107,97,94,,Profile177_SN00308.csv,,1,76,115
FEFHQ_20250306,107,97,94,,Profile178_SN00308.csv,,1,106,141
FEFHQ_20250306,107,97,94,,Profile179_SN00308.csv,,1,0,28
FEFHQ_20250306,107,97,94,,Profile180_SN00308.csv,,1,66,96
FEFHQ_20250306,107,97,94,,Profile181_SN00308.csv,,1,8,72
FEFHQ_20250306,107,67,65,,Profile177_SN00308.csv,,1,374,417
FEFHQ_20250306,107,67,65,,Profile178_SN00308.csv,,1,367,391
FEFHQ_20250306,107,67,65,,Profile179_SN00308.csv,,1,328,355
FEFHQ_20250306,107,67,65,,Profile180_SN00308.csv,,1,367,391
FEFHQ_20250306,107,67,65,,Profile181_SN00308.csv,,1,301,332
JPLMet_20250408_TS_0930,68,68,62,,Profile12_SN00373.csv,,1,0,42
JPLMet_20250408_TS_0930,68,68,62,,Profile16_SN00373.csv,,1,0,30
JPLMet_20250408_TS_0930,68,68,62,,Profile18_SN00373.csv,,1,0,58
JPLMet_20250408_TS_0930,68,68,62,,Profile20_SN00373.csv,,1,0,59
JPLMet_20250313,85,81,77,,Profile209_SN00308.csv,,1,13,48
JPLMet_20250313,85,81,77,,Profile210_SN00308.csv,,1,0,14
JPLMet_20250313,85,81,77,,Profile212_SN00308.csv,,0,,
JPLMet_20250313,85,81,77,,Profile214_SN00308.csv,,1,50,87
JPLMet_20250313,85,81,77,,Profile215_SN00308.csv,,1,49,86
JPLMet_20250313,85,69,67,,Profile209_SN00308.csv,,1,159,181
JPLMet_20250313,85,69,67,,Profile210_SN00308.csv,,1,155,171
JPLMet_20250313,85,69,67,,Profile212_SN00308.csv,,0,,
JPLMet_20250313,85,69,67,,Profile214_SN00308.csv,,0,,
JPLMet_20250313,85,69,67,,Profile215_SN00308.csv,,0,,
JPLMet_20250313,85,53,50,,Profile209_SN00308.csv,,1,266,297
JPLMet_20250313,85,53,50,,Profile210_SN00308.csv,,1,215,237
JPLMet_20250313,85,53,50,,Profile212_SN00308.csv,,1,285,319
JPLMet_20250313,85,53,50,,Profile214_SN00308.csv,,1,331,374
JPLMet_20250313,85,53,50,,Profile215_SN00308.csv,,1,345,378
SLMet_20250225,88,56,53,,Profile978_SN00151.csv,,1,270,288
SLMet_20250225,88,56,53,,Profile979_SN00151.csv,,1,294,321
SLMet_20250225,88,56,53,,Profile984_SN00151.csv,,1,286,308
SLMet_20250225,88,56,53,,Profile985_SN00151.csv,,1,328,355
SLMet_20250225,88,56,53,,Profile989_SN00151.csv,,1,305,340
DHMet_CLPXDH_20250228,104,104,100.5,,Profile135_SN00308.csv,,0,,
DHMet_CLPXDH_20250228,104,104,100.5,,Profile136_SN00308.csv,,0,,
DHMet_CLPXDH_20250228,104,104,100.5,,Profile137_SN00308.csv,,1,0,46
DHMet_CLPXDH_20250228,104,104,100.5,,Profile139_SN00308.csv,,1,0,34
DHMet_CLPXDH_20250228,104,104,100.5,,Profile140_SN00308.csv,,0,,
FEFHQ_20250211,73,65,63,,Profile890_SN00151.csv,,0,,
FEFHQ_20250211,73,65,63,,Profile892_SN00151.csv,,1,32,61
FEFHQ_20250211,73,65,63,,Profile893_SN00151.csv,,1,93,120
FEFHQ_20250211,73,65,63,,Profile894_SN00151.csv,,1,10,33
FEFHQ_20250211,73,65,63,,Profile895_SN00151.csv,,1,35,57
JPLMet_20250225,91,90,88,,Profile999_SN00151.csv,,1,10,28
JPLMet_20250225,91,90,88,,Profile1000_SN00151.csv,,1,9,34
JPLMet_20250225,91,90,88,,Profile1001_SN00151.csv,,1,0,26
JPLMet_20250225,91,90,88,,Profile1002_SN00151.csv,,0,,
JPLMet_20250225,91,90,88,,Profile1003_SN00151.csv,,0,,
JPLMet_20250225,91,58,55,,Profile999_SN00151.csv,,1,310,331
JPLMet_20250225,91,58,55,,Profile1000_SN00151.csv,,1,288,318
JPLMet_20250225,91,58,55,,Profile1001_SN00151.csv,,1,310,336
JPLMet_20250225,91,58,55,,Profile1002_SN00151.csv,,1,301,324
JPLMet_20250225,91,58,55,,Profile1003_SN00151.csv,,1,304,328
BOG_20241217,125,50.5,50,,Profile35_SN00308.csv,,1,741,752
BOG_20241217,125,50.5,50,,Profile36_SN00308.csv,,0,,
BOG_20241217,125,50.5,50,,Profile37_SN00308.csv,,0,,
BOG_20241217,125,50.5,50,,Profile38_SN00308.csv,,0,,
BOG_20241217,125,50.5,50,,Profile39_SN00308.csv,,0,,
BOG_20241217,125,35,26,,Profile35_SN00308.csv,,1,836,918
BOG_20241217,125,35,26,,Profile36_SN00308.csv,,1,926,1029
BOG_20241217,125,35,26,,Profile37_SN00308.csv,,1,898,965
BOG_20241217,125,35,26,,Profile38_SN00308.csv,,1,795,888
BOG_20241217,125,35,26,,Profile39_SN00308.csv,,1,799,888
BOG_20241217,125,7,0,,Profile35_SN00308.csv,,1,1150,1166
BOG_20241217,125,7,0,,Profile36_SN00308.csv,,1,1185,1217
BOG_20241217,125,7,0,,Profile37_SN00308.csv,,1,1241,1250
BOG_20241217,125,7,0,,Profile38_SN00308.csv,,1,1153,1159
BOG_20241217,125,7,0,,Profile39_SN00308.csv,,1,1143,1173
FEFHQ_20250318,100,100,99,,Profile231_SN00308.csv,,1,14,50
FEFHQ_20250318,100,100,99,,Profile232_SN00308.csv,,0,,
FEFHQ_20250318,100,100,99,,Profile233_SN00308.csv,,1,0,13
FEFHQ_20250318,100,100,99,,Profile234_SN00308.csv,,1,0,10
FEFHQ_20250318,100,100,99,,Profile235_SN00308.csv,,0,,
FEFHQ_20250318,100,94,87,,Profile231_SN00308.csv,,1,50,89
FEFHQ_20250318,100,94,87,,Profile232_SN00308.csv,,1,13,63
FEFHQ_20250318,100,94,87,,Profile233_SN00308.csv,,1,59,151
FEFHQ_20250318,100,94,87,,Profile234_SN00308.csv,,1,53,141
FEFHQ_20250318,100,94,87,,Profile235_SN00308.csv,,1,10,89
FEFHQ_20250318,100,63,60,,Profile231_SN00308.csv,,1,323,358
FEFHQ_20250318,100,63,60,,Profile232_SN00308.csv,,1,341,398
FEFHQ_20250318,100,63,60,,Profile233_SN00308.csv,,1,394,414
FEFHQ_20250318,100,63,60,,Profile234_SN00308.csv,,1,369,330
FEFHQ_20250318,100,63,60,,Profile235_SN00308.csv,,1,319,359
BDG_20250201,210,162,161,,Profile79_SN00377.csv,,0,,
BDG_20250201,210,162,161,,Profile80_SN00377.csv,,0,,
BDG_20250201,210,162,161,,Profile81_SN00377.csv,,0,,
BDG_20250201,210,162,161,,Profile82_SN00377.csv,,0,,
BDG_20250201,210,162,161,,Profile83_SN00377.csv,,0,,
BDG_20250201,210,60,57,,Profile79_SN00377.csv,,1,1510,1534
BDG_20250201,210,60,57,,Profile80_SN00377.csv,,1,1546,1562
BDG_20250201,210,60,57,,Profile81_SN00377.csv,,1,1530,1551
BDG_20250201,210,60,57,,Profile82_SN00377.csv,,1,1540,1558
BDG_20250201,210,60,57,,Profile83_SN00377.csv,,1,1554,1560
DHMet_20250214,108,85,82,,Profile948_SN00151.csv,,1,235,255
DHMet_20250214,108,85,82,,Profile949_SN00151.csv,,1,249,274
DHMet_20250214,108,85,82,,Profile951_SN00151.csv,,1,255,302
DHMet_20250214,108,85,82,,Profile952_SN00151.csv,,1,232,247
DHMet_20250214,108,85,82,,Profile953_SN00151.csv,,1,258,283
JPLMet_20241226,53,4,0,,Profile1036_SN00234.csv,,1,462,476
JPLMet_20241226,53,4,0,,Profile1038_SN00234.csv,,1,478,489
JPLMet_20241226,53,4,0,,Profile1043_SN00234.csv,,1,386,392
JPLMet_20241226,53,4,0,,Profile1044_SN00234.csv,,0,,
JPLMet_20241226,53,4,0,,Profile1046_SN00234.csv,,1,476,487
FRE_20241206,87,63,62,,Profile25_SN00381.csv,,1,254,270
FRE_20241206,87,63,62,,Profile28_SN00381.csv,,1,254,270
FRE_20241206,87,63,62,,Profile29_SN00381.csv,,1,257,267
FRE_20241206,87,63,62,,Profile30_SN00381.csv,,1,257,270
FRE_20241206,87,63,62,,Profile31_SN00381.csv,,1,257,270
BOG_20250219,240,167,166,,Profile158_SN00377.csv,,0,,
BOG_20250219,240,167,166,,Profile159_SN00377.csv,,1,749,814
BOG_20250219,240,167,166,,Profile160_SN00377.csv,,1,696,726
BOG_20250219,240,167,166,,Profile162_SN00377.csv,,1,741,758
BOG_20250219,240,167,166,,Profile163_SN00377.csv,,1,682,704
BOG_20250219,240,105.5,105,,Profile158_SN00377.csv,,1,1399,1432
BOG_20250219,240,105.5,105,,Profile159_SN00377.csv,,1,1401,1417
BOG_20250219,240,105.5,105,,Profile160_SN00377.csv,,1,1346,1364
BOG_20250219,240,105.5,105,,Profile162_SN00377.csv,,1,1378,1419
BOG_20250219,240,105.5,105,,Profile163_SN00377.csv,,1,1344,1362
BOG_20250219,240,95,92,,Profile158_SN00377.csv,,0,,
BOG_20250219,240,95,92,,Profile159_SN00377.csv,,1,1542,1561
BOG_20250219,240,95,92,,Profile160_SN00377.csv,,0,,
BOG_20250219,240,95,92,,Profile162_SN00377.csv,,0,,
BOG_20250219,240,95,92,,Profile163_SN00377.csv,,1,1464,1496
BOG_20250219,240,78.5,78,,Profile158_SN00377.csv,,0,,
BOG_20250219,240,78.5,78,,Profile159_SN00377.csv,,1,1678,1696
BOG_20250219,240,78.5,78,,Profile160_SN00377.csv,,1,1643,1671
BOG_20250219,240,78.5,78,,Profile162_SN00377.csv,,0,,
BOG_20250219,240,78.5,78,,Profile163_SN00377.csv,,0,,
BOG_20250219,240,64,63.5,,Profile158_SN00377.csv,,0,,
BOG_20250219,240,64,63.5,,Profile159_SN00377.csv,,1,1670,1700
BOG_20250219,240,64,63.5,,Profile160_SN00377.csv,,0,,
BOG_20250219,240,64,63.5,,Profile162_SN00377.csv,,1,1760,1765
BOG_20250219,240,64,63.5,,Profile163_SN00377.csv,,1,1760,1765
LFMet_20250328,92,92,88,,Profile258_SN00308.csv,,1,19,75
LFMet_20250328,92,92,88,,Profile259_SN00308.csv,,1,0,32
DHMet_20250407,123,123,119.5,,Profile4_SN00316.csv,,1,59,111
DHMet_20250407,123,123,119.5,,Profile6_SN00316.csv,,1,0,33
DHMet_20250407,123,114,111,,Profile4_SN00316.csv,,1,59,101
DHMet_20250407,123,114,111,,Profile6_SN00316.csv,,1,65,112
FRE_20250109,220,198,197,,Profile19_SN00340.csv,,1,197,222
FRE_20250109,220,198,197,,Profile20_SN00340.csv,,1,150,178
FRE_20250109,220,198,197,,Profile21_SN00340.csv,,1,144,174
FRE_20250109,220,198,197,,Profile22_SN00340.csv,,1,169,194
FRE_20250109,220,198,197,,Profile23_SN00340.csv,,1,136,165
FRE_20250109,220,51,50,,Profile19_SN00340.csv,,0,,
FRE_20250109,220,51,50,,Profile20_SN00340.csv,,0,,
FRE_20250109,220,51,50,,Profile21_SN00340.csv,,0,,
FRE_20250109,220,51,50,,Profile22_SN00340.csv,,0,,
FRE_20250109,220,51,50,,Profile23_SN00340.csv,,0,,
AM_20250328,141,141,134,,Profile1124_SN00151.csv,,1,5,98
AM_20250328,141,141,134,,Profile1126_SN00151.csv,,1,0,56
AM_20250328,141,141,134,,Profile1127_SN00151.csv,,0,,
AM_20250328,141,141,134,,Profile1128_SN00151.csv,,0,,
AM_20250328,141,141,134,,Profile1129_SN00151.csv,,0,,