id,hs,top_cm,bot_cm,smp_id,scope_id,sram_id,present [0/1],top_depth_cm,bot_depth_mm
DHMet_DHSMET_20250228,132,128.5,127,,,DHMet_DHSMET_20250228_sram.csv,1,4,6
CCO_20250210,40,30,23,,,CCO_20250210_sram.csv,1,11,16
AM_20250409,146,146,143,,,AM_20250409_sram.csv,1,0,4.5
AM_20250409,146,125,122.5,,,AM_20250409_sram.csv,1,22,26
AM_20250409,146,120,118,,,AM_20250409_sram.csv,1,26,29
JPLMet_20250226,94.5,94,92,,,JPLMet_20250226_sram.csv,1,0,7
JPLMet_20250226,94.5,60,57,,,JPLMet_20250226_sram.csv,1,35,37
BOG_20250326,209,172,170.5,,,BOG_20250326_sram.csv,1,37,40
BOG_20250326,209,167,166,,,BOG_20250326_sram.csv,1,46,49
BOG_20250326,209,140.5,140,,,BOG_20250326_sram.csv,0,,
BOG_20250326,209,130.5,130,,,BOG_20250326_sram.csv,1,82,84
BOG_20250326,209,108,107.5,,,BOG_20250326_sram.csv,1,97.5,99
BOG_20250326,209,101,100,,,BOG_20250326_sram.csv,1,106,108
BOG_20250110,160,137,135,,,BOG_20250110_sram.csv,1,25,27
BOG_20250110,160,98.5,98,,,BOG_20250110_sram.csv,0,,
BOG_20250110,160,84,79,,,BOG_20250110_sram.csv,1,73,79
BOG_20250110,160,25,24,,,BOG_20250110_sram.csv,1,137,138
FCO_20240311,124,124,123,,,FCO_20240311_sram.csv,0,,
FCO_20240311,124,78,77,,,FCO_20240311_sram.csv,0,,
FCO_20240311,124,57,56,,,FCO_20240311_sram.csv,1,65,68
FCO_20240311,124,45,41,,,FCO_20240311_sram.csv,1,79,85
SLMet_20250415,52,52,44,,,SLMet_20250415_sram.csv,1,0,10
AM_20250205,95,95,91,,,AM_20250205_sram.csv,1,0,4
SLMet_20241217,42,5,0,,,SLMet_20241217_sram.csv,1,37,39.5
JPLMet_20250407_TS_1200,68,61,60,,,JPLMet_20250407_TS_1200_sram.csv,0,,
JPLMet_20250407_TS_1200,68,53,51.5,,,JPLMet_20250407_TS_1200_sram.csv,1,14,16
DHMet_20250318,125,113,108,,,DHMet_20250318_sram.csv,1,13,17
DHMet_20250318,125,105,103,,,DHMet_20250318_sram.csv,1,17,21
BOG_20250205,204,203,202.5,,,BOG_20250205_sram.csv,0,,
BOG_20250205,204,113.5,112.5,,,BOG_20250205_sram.csv,0,,
BOG_20250205,204,74,59,,,BOG_20250205_sram.csv,0,,
BDG_20250228,288,284,283,,,BDG_20250228_sram.csv,1,0,11
BDG_20250228,288,279,278,,,BDG_20250228_sram.csv,1,6,11
BDG_20250228,288,148,147,,,BDG_20250228_sram.csv,1,137,140
JPLMet_20250305,96,86,82,,,JPLMet_20250305_sram.csv,1,10,16
JPLMet_20250305,96,59,56,,,JPLMet_20250305_sram.csv,1,39,43
BOG_20250116,153,153,152,,,BOG_20250116_sram.csv,0,,
BOG_20250116,153,93.5,92.5,,,BOG_20250116_sram.csv,1,59.5,61.5
BOG_20250116,153,80,76,,,BOG_20250116_sram.csv,1,72,78
AM_20250416,139,130,118,,,AM_20250416_sram.csv,1,0,22.5
AM_20250416,139,110,109,,,AM_20250416_sram.csv,0,,
FCO_20250224,142,89,77,,,FCO_20250224_sram.csv,1,48,57.5
JPLMet_20250212,76,60,57,,,JPLMet_20250212_sram.csv,1,16,20
SLMet_20250305,102,89,86,,,SLMet_20250305_sram.csv,1,13,17
SLMet_20250305,102,58,56,,,SLMet_20250305_sram.csv,1,39,41
JPLMet_20250407_TS_1245,64,56,55,,,JPLMet_20250407_TS_1245_sram.csv,0,,
JPLMet_20250407_TS_1245,64,49,48,,,JPLMet_20250407_TS_1245_sram.csv,1,14,16
BDG_20241219,170,169,167,,,BDG_20241219_sram.csv,0,,
BDG_20241219,170,75,72,,,BDG_20241219_sram.csv,1,94,100
DHMet_20250312,123,123,118,,,DHMet_20250312_sram.csv,0,,
DHMet_20250312,123,113,109,,,DHMet_20250312_sram.csv,1,11,15
FRE_20241210,94,67,65.5,,,FRE_20241210_sram.csv,0,,
FST_20250407,185,155,153,,,FST_20250407_sram.csv,0,,
CCY_20250206,92.5,92,91.5,,,CCY_20250206_sram.csv,0,,
CCY_20250206,92.5,83.5,78,,,CCY_20250206_sram.csv,1,12,16
CCY_20250206,92.5,74,67,,,CCY_20250206_sram.csv,1,18,25
CCY_20250206,92.5,61,58,,,CCY_20250206_sram.csv,1,26,29
CCY_20250206,92.5,27,20,,,CCY_20250206_sram.csv,1,74,86
DHMet_20250225,130,130,128,,,DHMet_20250225_sram.csv,1,2,5
DHMet_20250225,130,123,121,,,DHMet_20250225_sram.csv,1,11,13
DHMet_20250225,130,75,72,,,DHMet_20250225_sram.csv,1,50,52
BOG_20241213,61,54,52,,,BOG_20241213_sram.csv,1,8,11
BOG_20241213,61,42,40,,,BOG_20241213_sram.csv,0,,
BOG_20241213,61,38.5,36.5,,,BOG_20241213_sram.csv,1,23,25
BOG_20241213,61,34.5,33,,,BOG_20241213_sram.csv,1,28,29.5
BOG_20241213,61,21,20,,,BOG_20241213_sram.csv,1,39.5,40
BOG_20241213,61,13,9,,,BOG_20241213_sram.csv,1,49.5,52
BDG_20241212,120,78,74,,,BDG_20241212_sram.csv,1,42.5,46
BDG_20241212,120,25,23,,,BDG_20241212_sram.csv,0,,
SLMet_20250226,90,89,86.5,,,SLMet_20250226_sram.csv,1,2,6
SLMet_20250226,90,57,55,,,SLMet_20250226_sram.csv,1,28,30
JPLMet_20250408_TS_0334,63,44,41,,,JPLMet_20250408_TS_0334_sram.csv,1,20,24
BMO_20250224,96,62,59,,,BMO_20250224_sram.csv,0,,
BMO_20250224,96,57,54,,,BMO_20250224_sram.csv,0,,
BMO_20250224,96,52,50,,,BMO_20250224_sram.csv,0,,
LFMet_20250312,103,100,96,,,LFMet_20250312_sram.csv,1,4,9
DHMet_20241121,36.5,26,25,,,DHMet_20241121_sram.csv,0,,
FRE_20250122,187,184,181,,,FRE_20250122_sram.csv,0,,
FRE_20250122,187,169,166,,,FRE_20250122_sram.csv,1,18,22
AM_20241122,38,35,34.5,,,AM_20241122_sram.csv,0,,
JPLMet_20250318,89,87,85,,,JPLMet_20250318_sram.csv,0,,
JPLMet_20250318,89,82,74,,,JPLMet_20250318_sram.csv,1,9,16
JPLMet_20250318,89,51,47,,,JPLMet_20250318_sram.csv,1,37,45
JPLMet_20250211,68,60,56,,,JPLMet_20250211_sram.csv,1,8,12
JPLMet_20250205,70,70,67,,,JPLMet_20250205_sram.csv,1,3,5
JPLMet_20250407_TS_1045,76,61,58,,,JPLMet_20250407_TS_1045_sram.csv,1,12,15
JPLMet_20250407_TS_1045,76,53,49,,,JPLMet_20250407_TS_1045_sram.csv,1,19,22
JPLMet_20250407_TS_1045,76,43,42,,,JPLMet_20250407_TS_1045_sram.csv,0,,
BDG_20250530,81,4,0,,,BDG_20250530_sram.csv,1,74,75
BOG_20250305,205,203,197.5,,,BOG_20250305_sram.csv,1,3,7
BOG_20250305,205,196,194,,,BOG_20250305_sram.csv,1,12.5,13
BOG_20250305,205,190,189,,,BOG_20250305_sram.csv,1,15.5,16
BOG_20250305,205,179.5,179,,,BOG_20250305_sram.csv,1,21,22
BOG_20250305,205,159,158.5,,,BOG_20250305_sram.csv,1,46,48
BOG_20250305,205,120.5,119.5,,,BOG_20250305_sram.csv,1,88.5,86
BOG_20250305,205,95,94.5,,,BOG_20250305_sram.csv,0,,
MCSST_20250402,248,234,228,,,MCSST_20250402_sram.csv,1,17,21
MCSST_20250402,248,147,127,,,MCSST_20250402_sram.csv,1,93,102
DHMet_20250305,142,121,114,,,DHMet_20250305_sram.csv,1,19,23.5
DHMet_20250305,142,80,77,,,DHMet_20250305_sram.csv,1,59,63
FCO_20250120,82,69,66,,,FCO_20250120_sram.csv,1,11,14.5
FCO_20250120,82,41,38,,,FCO_20250120_sram.csv,1,45,51
BDG_20250107,220,198,197,,,BDG_20250107_sram.csv,0,,
BDG_20250107,220,132,131,,,BDG_20250107_sram.csv,0,,
BDG_20250107,220,69,64,,,BDG_20250107_sram.csv,0,,
FRE_20250312,285,285,284,,,FRE_20250312_sram.csv,1,2,5
FRE_20250312,285,262,260,,,FRE_20250312_sram.csv,0,,
FRE_20250312,285,233,232,,,FRE_20250312_sram.csv,1,43.5,44
FRE_20250312,285,218,217.5,,,FRE_20250312_sram.csv,0,,
FRE_20250312,285,203,202,,,FRE_20250312_sram.csv,1,85,86
FRE_20250312,285,148,146,,,FRE_20250312_sram.csv,1,132,133
FRE_20250312,285,134,133.5,,,FRE_20250312_sram.csv,0,,
SLMet_20250314,90,82,77,,,SLMet_20250314_sram.csv,1,9,12
BDG_20250115,213,174,172,,,BDG_20250115_sram.csv,0,,
BDG_20250115,213,60,56,,,BDG_20250115_sram.csv,1,157,162.5
SLMet_20250204,65,65,62,,,SLMet_20250204_sram.csv,1,3,5
FEFHQ_20250306,107,97,94,,,FEFHQ_20250306_sram.csv,1,12,16
FEFHQ_20250306,107,67,65,,,FEFHQ_20250306_sram.csv,1,41,46
JPLMet_20250408_TS_0930,68,68,62,,,JPLMet_20250408_TS_0930_sram.csv,1,1,6
JPLMet_20250313,85,81,77,,,JPLMet_20250313_sram.csv,1,6,9
JPLMet_20250313,85,69,67,,,JPLMet_20250313_sram.csv,1,18,22
JPLMet_20250313,85,53,50,,,JPLMet_20250313_sram.csv,1,34,36
SLMet_20250225,88,56,53,,,SLMet_20250225_sram.csv,1,28,30
DHMet_CLPXDH_20250228,104,104,100.5,,,DHMet_CLPXDH_20250228_sram.csv,0,,
FEFHQ_20250211,73,65,63,,,FEFHQ_20250211_sram.csv,1,9,12
JPLMet_20250225,91,90,88,,,JPLMet_20250225_sram.csv,1,1,3
JPLMet_20250225,91,58,55,,,JPLMet_20250225_sram.csv,1,31,35.5
BOG_20241217,125,50.5,50,,,BOG_20241217_sram.csv,0,,
BOG_20241217,125,35,26,,,BOG_20241217_sram.csv,1,90,101
BOG_20241217,125,7,0,,,BOG_20241217_sram.csv,1,122,125
FEFHQ_20250318,100,100,99,,,FEFHQ_20250318_sram.csv,0,,
FEFHQ_20250318,100,94,87,,,FEFHQ_20250318_sram.csv,1,9,14
FEFHQ_20250318,100,63,60,,,FEFHQ_20250318_sram.csv,1,39,41
BDG_20250201,210,162,161,,,BDG_20250201_sram.csv,1,46,49
BDG_20250201,210,60,57,,,BDG_20250201_sram.csv,1,148,150
DHMet_20250214,108,85,82,,,DHMet_20250214_sram.csv,1,24,27
JPLMet_20241226,53,4,0,,,JPLMet_20241226_sram.csv,1,47,51
TPO_20240311,97,97,96,,,TPO_20240311_sram.csv,0,,
TPO_20240311,97,36,33,,,TPO_20240311_sram.csv,0,,
DHMet_20250407,123,123,119.5,,,DHMet_20250407_sram.csv,1,2,5
DHMet_20250407,123,114,111,,,DHMet_20250407_sram.csv,1,10,13
FRE_20250109,220,198,197,,,FRE_20250109_sram.csv,1,23,24
FRE_20250109,220,51,50,,,FRE_20250109_sram.csv,0,,
AM_20250328,141,141,134,,,AM_20250328_sram.csv,0,,